#,Player,Team,GP,MPG,FGM,FGA,FG%,3PM,3PA,3P%,FTM,FTA,FT%,TOV,PF,ORB,DRB,RPG,APG,SPG,BPG,PPG
1,James Harden,HOU,72,35.4,9.0,20.1,.449,3.7,10.0,.367,8.7,10.1,.858,4.4,2.3,0.6,4.8,5.4,8.8,1.8,0.7,30.4
2,Anthony Davis,NOP,75,36.4,10.4,19.5,.534,0.7,2.2,.340,6.6,8.0,.828,2.2,2.1,2.5,8.6,11.1,2.3,1.5,2.6,28.1
3,LeBron James,CLE,82,36.9,10.5,19.3,.542,1.8,5.0,.367,4.7,6.5,.731,4.2,1.7,1.2,7.5,8.6,9.1,1.4,0.9,27.5
4,Damian Lillard,POR,73,36.6,8.5,19.4,.439,3.1,8.6,.361,6.8,7.4,.916,2.8,1.6,0.8,3.6,4.5,6.6,1.1,0.4,26.9
5,Giannis Antetokounmpo,MIL,75,36.8,9.9,18.7,.529,0.6,1.9,.307,6.5,8.5,.760,3.0,3.1,2.1,8.0,10.0,4.8,1.5,1.4,26.9
6,Stephen Curry,GSW,51,32.0,8.4,16.9,.495,4.2,9.8,.423,5.5,5.9,.921,3.0,2.2,0.7,4.4,5.1,6.1,1.6,0.2,26.4
7,Kevin Durant,GSW,68,34.2,9.3,18.0,.516,2.5,6.1,.419,5.3,5.9,.889,3.0,2.0,0.5,6.4,6.8,5.4,0.7,1.8,26.4
8,Russell Westbrook,OKC,80,36.4,9.5,21.1,.449,1.2,4.1,.298,5.2,7.1,.737,4.8,2.5,1.9,8.2,10.1,10.2,1.8,0.2,25.4
9,Kyrie Irving,BOS,60,32.2,8.9,18.1,.491,2.8,6.8,.408,3.9,4.3,.889,2.3,2.0,0.6,3.2,3.8,5.1,1.1,0.3,24.4
10,LaMarcus Aldridge,SAS,75,33.4,9.2,18.0,.510,0.4,1.2,.293,4.5,5.3,.837,1.5,2.1,3.3,5.2,8.5,2.0,0.6,1.2,23.1
11,Victor Oladipo,IND,75,34.0,8.5,17.9,.477,2.1,5.8,.371,3.9,4.9,.799,2.9,2.3,0.6,4.6,5.2,4.3,2.4,0.8,23.1
12,DeMar DeRozan,TOR,80,33.9,8.1,17.7,.456,1.1,3.6,.310,5.8,7.0,.825,2.2,1.9,0.7,3.2,3.9,5.2,1.1,0.3,23.0
13,Joel Embiid,PHI,63,30.4,8.1,16.8,.483,1.0,3.4,.308,5.7,7.4,.769,3.7,3.3,2.3,8.7,11.0,3.2,0.6,1.8,22.9
14,Bradley Beal,WAS,82,36.3,8.3,18.1,.460,2.4,6.5,.375,3.6,4.5,.791,2.6,2.0,0.7,3.7,4.4,4.5,1.2,0.4,22.6
15,Lou Williams,LAC,79,32.8,7.4,16.9,.435,2.4,6.6,.359,5.5,6.2,.880,3.0,1.3,0.5,2.0,2.5,5.3,1.1,0.2,22.6
16,Jimmy Butler,MIN,59,36.7,7.4,15.6,.474,1.2,3.4,.350,6.2,7.2,.854,1.8,1.3,1.3,4.0,5.3,4.9,2.0,0.4,22.2
17,Kemba Walker,CHA,80,34.2,7.3,17.0,.431,2.9,7.5,.384,4.5,5.2,.864,2.2,1.2,0.4,2.7,3.1,5.5,1.1,0.3,22.1
18,Paul George,OKC,79,36.6,7.3,17.0,.430,3.1,7.7,.401,4.3,5.2,.822,2.7,2.9,0.9,4.7,5.7,3.3,2.0,0.5,21.9
19,Blake Griffin,DET,58,34.0,7.5,17.2,.438,1.9,5.6,.345,4.5,5.7,.785,2.8,2.4,1.3,6.1,7.4,5.8,0.7,0.3,21.4
20,C.J. McCollum,POR,81,36.1,8.2,18.6,.443,2.3,5.9,.397,2.6,3.1,.836,1.9,2.1,0.7,3.3,4.0,3.4,1.0,0.4,21.4
21,Karl-Anthony Towns,MIN,82,35.6,7.8,14.3,.545,1.5,3.5,.421,4.2,4.9,.858,1.9,3.5,2.9,9.4,12.3,2.4,0.8,1.4,21.3
22,Donovan Mitchell,UTA,79,33.4,7.5,17.2,.437,2.4,7.0,.340,3.0,3.8,.805,2.7,2.7,0.7,3.1,3.7,3.7,1.5,0.3,20.5
23,Khris Middleton,MIL,82,36.4,7.2,15.5,.466,1.8,5.0,.359,3.9,4.4,.884,2.3,3.3,0.5,4.7,5.2,4.0,1.5,0.3,20.1
24,Klay Thompson,GSW,73,34.3,7.9,16.1,.488,3.1,7.1,.440,1.1,1.3,.837,1.8,1.6,0.4,3.4,3.8,2.5,0.8,0.5,20.0
25,T.J. Warren,PHX,65,33.0,8.1,16.4,.498,0.3,1.4,.222,3.0,3.9,.757,1.3,2.3,1.9,3.2,5.1,1.3,1.0,0.6,19.6
26,Dennis Schroder,ATL,67,31.0,7.5,17.1,.436,1.1,3.9,.290,3.4,4.0,.849,2.7,2.2,0.7,2.4,3.1,6.2,1.1,0.1,19.4
27,Jrue Holiday,NOP,81,36.1,7.6,15.4,.494,1.5,4.4,.337,2.3,2.9,.786,2.6,2.5,0.8,3.7,4.5,6.0,1.5,0.8,19.0
28,Harrison Barnes,DAL,77,34.2,7.0,15.7,.445,1.5,4.3,.357,3.4,4.1,.827,1.5,1.2,1.0,5.1,6.1,2.0,0.6,0.2,18.9
29,Chris Paul,HOU,58,31.8,6.3,13.8,.460,2.5,6.5,.380,3.5,3.8,.919,2.2,2.4,0.6,4.8,5.4,7.9,1.7,0.2,18.6
30,Tobias Harris,LAC,80,33.4,7.0,15.3,.460,2.3,5.6,.411,2.2,2.7,.829,1.3,2.0,0.7,4.7,5.5,2.4,0.9,0.4,18.6
31,Nikola Jokic,DEN,75,32.5,6.7,13.5,.499,1.5,3.7,.396,3.5,4.2,.850,2.8,2.8,2.6,8.1,10.7,6.1,1.2,0.8,18.5
32,Eric Gordon,HOU,69,31.2,6.0,14.1,.428,3.2,8.8,.359,2.8,3.5,.809,1.9,1.7,0.4,2.1,2.5,2.2,0.6,0.4,18.0
33,Eric Bledsoe,MIL,74,31.4,6.3,13.4,.473,1.7,4.9,.347,3.4,4.3,.795,2.9,2.5,0.7,3.1,3.8,5.0,2.0,0.6,17.7
34,Andrew Wiggins,MIN,82,36.3,6.9,15.9,.438,1.4,4.1,.331,2.5,3.8,.643,1.7,2.0,1.0,3.4,4.4,2.0,1.1,0.6,17.7
35,Aaron Gordon,ORL,58,32.9,6.5,14.9,.434,2.0,5.9,.336,2.7,3.9,.698,1.8,1.9,1.5,6.4,7.9,2.3,1.0,0.8,17.6
36,Kevin Love,CLE,59,28.0,5.7,12.4,.458,2.3,5.6,.415,4.0,4.5,.880,1.5,2.0,1.7,7.5,9.3,1.7,0.7,0.4,17.6
37,Gary Harris,DEN,67,34.4,6.6,13.6,.485,2.3,5.9,.396,2.0,2.4,.827,1.8,1.8,0.6,2.1,2.6,2.9,1.8,0.2,17.5
38,Goran Dragic,MIA,75,31.7,6.5,14.3,.450,1.5,4.0,.370,2.9,3.6,.801,2.2,2.4,0.7,3.4,4.1,4.8,0.8,0.2,17.3
39,Marc Gasol,MEM,73,33.0,5.9,14.2,.420,1.5,4.4,.341,3.8,4.6,.834,2.7,2.5,1.1,7.0,8.1,4.2,0.7,1.4,17.2
40,J.J. Redick,PHI,70,30.2,5.8,12.6,.460,2.8,6.6,.420,2.8,3.1,.904,1.5,1.8,0.1,2.4,2.5,3.0,0.5,0.1,17.1
41,Jamal Murray,DEN,81,31.7,5.9,13.1,.451,2.0,5.4,.378,2.8,3.1,.905,2.1,2.1,1.0,2.7,3.7,3.4,1.0,0.3,16.7
42,Dwight Howard,CHA,81,30.4,6.2,11.2,.555,0.0,0.1,.143,4.1,7.2,.574,2.6,3.1,3.1,9.3,12.5,1.3,0.6,1.6,16.6
43,Kyle Lowry,TOR,78,32.2,5.2,12.1,.427,3.1,7.6,.399,2.9,3.3,.854,2.3,2.5,0.8,4.7,5.6,6.9,1.1,0.2,16.2
44,Carmelo Anthony,OKC,78,32.1,6.1,15.0,.404,2.2,6.1,.357,1.9,2.5,.767,1.3,2.5,0.9,4.9,5.8,1.3,0.6,0.6,16.2
45,Julius Randle,LAL,82,26.7,6.1,11.0,.558,0.1,0.5,.222,3.7,5.2,.718,2.6,3.3,2.2,5.8,8.0,2.6,0.5,0.5,16.1
46,Kyle Kuzma,LAL,77,31.2,6.1,13.5,.450,2.1,5.6,.366,1.9,2.7,.707,1.8,2.1,1.1,5.1,6.3,1.8,0.6,0.4,16.1
47,Brandon Ingram,LAL,59,33.5,6.1,12.9,.470,0.7,1.8,.390,3.3,4.8,.681,2.5,2.8,1.0,4.4,5.3,3.9,0.8,0.7,16.1
48,Ben Simmons,PHI,81,33.7,6.7,12.3,.545,0.0,0.1,.000,2.4,4.2,.560,3.4,2.6,1.8,6.3,8.1,8.2,1.7,0.9,15.8
49,Will Barton,DEN,81,33.1,5.7,12.7,.452,1.9,5.2,.370,2.2,2.8,.805,1.8,2.1,0.9,4.2,5.0,4.1,1.0,0.6,15.7
50,Nikola Mirotic,NOP,55,27.2,5.6,12.4,.447,2.5,6.5,.377,2.0,2.5,.818,1.1,2.0,1.1,6.3,7.4,1.5,0.8,0.7,15.6
51,Lauri Markkanen,CHI,68,29.7,5.5,12.7,.434,2.1,5.9,.362,2.1,2.4,.843,1.2,1.5,1.2,6.3,7.5,1.2,0.6,0.6,15.2
52,Dennis Smith,DAL,69,29.7,5.9,14.8,.395,1.5,4.9,.313,1.9,2.8,.694,2.8,2.2,0.7,3.0,3.8,5.2,1.0,0.3,15.2
53,Austin Rivers,LAC,61,33.7,5.6,13.2,.424,2.2,5.9,.378,1.7,2.6,.642,1.8,2.5,0.4,1.9,2.4,4.0,1.2,0.3,15.1
54,Andre Drummond,DET,78,33.7,6.0,11.3,.529,0.0,0.1,.000,3.1,5.1,.605,2.6,3.2,5.1,10.9,16.0,3.0,1.5,1.6,15.0
55,Otto Porter,WAS,77,31.6,5.8,11.5,.503,1.8,4.1,.441,1.4,1.7,.828,1.0,2.0,1.3,5.1,6.4,2.0,1.5,0.5,14.7
56,Rodney Hood,CLE,60,26.9,5.4,12.5,.429,2.1,5.5,.381,1.9,2.1,.860,1.2,1.8,0.4,2.4,2.8,1.6,0.8,0.2,14.7
57,Dario Saric,PHI,78,29.6,5.2,11.4,.453,2.0,5.1,.393,2.3,2.7,.860,1.9,2.1,2.0,4.7,6.7,2.6,0.7,0.3,14.6
58,Jaylen Brown,BOS,70,30.7,5.3,11.5,.465,1.7,4.4,.395,2.1,3.3,.644,1.8,2.6,0.9,4.0,4.9,1.6,1.0,0.4,14.5
59,Zach Randolph,SAC,59,25.6,6.1,12.9,.473,0.9,2.5,.347,1.4,1.8,.785,2.0,2.0,1.6,5.1,6.7,2.2,0.7,0.2,14.5
60,Jusuf Nurkic,POR,79,26.4,6.1,12.0,.505,0.0,0.1,.000,2.2,3.5,.630,2.3,3.1,2.4,6.6,9.0,1.8,0.8,1.4,14.3
61,Bojan Bogdanovic,IND,80,30.8,5.0,10.7,.474,1.9,4.8,.402,2.2,2.6,.868,1.3,1.6,0.4,3.0,3.4,1.5,0.7,0.1,14.3
62,Jeff Teague,MIN,70,33.0,5.1,11.3,.446,1.2,3.3,.368,2.9,3.4,.845,2.5,2.4,0.3,2.6,3.0,7.0,1.5,0.3,14.2
63,Taurean Prince,ATL,82,30.0,5.1,11.9,.426,2.1,5.6,.385,1.9,2.2,.844,2.3,2.0,0.6,4.1,4.7,2.6,1.0,0.5,14.1
64,Enes Kanter,NYK,71,25.8,5.9,10.0,.592,0.0,0.0,.000,2.2,2.6,.848,1.7,2.6,3.8,7.1,11.0,1.5,0.5,0.5,14.1
65,Hassan Whiteside,MIA,54,25.3,5.8,10.7,.540,0.0,0.0,1.000,2.4,3.4,.703,1.7,2.4,3.2,8.2,11.4,1.0,0.7,1.7,14.0
66,Jonathon Simmons,ORL,69,29.4,5.1,11.0,.465,1.0,3.0,.338,2.7,3.5,.768,2.1,2.5,0.9,2.6,3.5,2.5,0.8,0.2,13.9
67,Rondae Hollis-Jefferson,BRK,68,28.2,5.0,10.6,.472,0.2,0.8,.241,3.7,4.6,.788,1.8,2.1,1.5,5.3,6.8,2.5,1.0,0.7,13.9
68,Jayson Tatum,BOS,80,30.5,5.0,10.4,.475,1.3,3.0,.434,2.7,3.2,.826,1.4,2.1,0.6,4.4,5.0,1.6,1.0,0.7,13.9
69,Steven Adams,OKC,76,32.7,5.9,9.4,.629,0.0,0.0,.000,2.1,3.8,.559,1.7,2.8,5.1,4.0,9.0,1.2,1.2,1.0,13.9
70,Jordan Clarkson,CLE,81,23.3,5.3,11.8,.451,1.4,3.9,.352,1.9,2.3,.800,1.6,1.3,0.7,2.0,2.7,2.7,0.7,0.1,13.9
71,Clint Capela,HOU,74,27.5,6.0,9.1,.652,0.0,0.0,.000,1.9,3.5,.560,1.4,2.5,3.3,7.6,10.8,0.9,0.8,1.9,13.9
72,Marcus Morris,BOS,54,26.8,4.9,11.3,.429,1.6,4.3,.368,2.3,2.9,.805,1.2,1.9,0.8,4.6,5.4,1.3,0.6,0.2,13.6
73,Rudy Gobert,UTA,56,32.4,4.9,7.9,.622,0.0,0.0,.000,3.6,5.3,.682,1.9,2.7,2.9,7.8,10.7,1.4,0.8,2.3,13.5
74,Buddy Hield,SAC,80,25.3,5.2,11.7,.446,2.2,5.1,.431,0.9,1.0,.877,1.6,1.9,0.7,3.1,3.8,1.9,1.1,0.3,13.5
75,DeMarre Carroll,BRK,73,29.9,4.5,10.8,.414,2.0,5.4,.371,2.6,3.4,.764,1.4,2.3,1.4,5.1,6.6,2.0,0.8,0.4,13.5
76,Kentavious Caldwell-Pope,LAL,74,33.2,4.6,10.8,.426,2.1,5.6,.383,2.1,2.6,.789,1.3,2.0,0.8,4.4,5.2,2.2,1.4,0.2,13.4
77,Bobby Portis,CHI,73,22.5,5.2,11.1,.471,1.1,3.1,.359,1.6,2.1,.769,1.4,1.8,2.2,4.6,6.8,1.7,0.7,0.3,13.2
78,Allen Crabbe,BRK,75,29.3,4.5,11.0,.407,2.7,7.1,.378,1.5,1.8,.852,1.0,2.2,0.4,3.9,4.3,1.6,0.6,0.5,13.2
79,Michael Beasley,NYK,74,22.3,5.5,10.9,.507,0.5,1.2,.395,1.7,2.1,.780,1.9,2.0,1.3,4.3,5.6,1.7,0.5,0.6,13.2
80,Josh Jackson,PHX,77,25.4,5.1,12.1,.417,0.7,2.8,.263,2.3,3.6,.634,1.9,2.8,1.2,3.3,4.6,1.5,1.0,0.5,13.1
81,Ricky Rubio,UTA,77,29.3,4.5,10.7,.418,1.2,3.5,.352,2.9,3.3,.866,2.7,2.7,0.6,4.0,4.6,5.3,1.6,0.1,13.1
82,Brook Lopez,LAL,74,23.4,5.0,10.7,.465,1.5,4.4,.345,1.5,2.1,.703,1.3,2.6,1.0,3.0,4.0,1.7,0.4,1.3,13.0
83,Jeremy Lamb,CHA,80,24.6,4.8,10.4,.457,1.2,3.2,.370,2.2,2.6,.861,1.2,1.7,0.6,3.4,4.0,2.3,0.8,0.4,12.9
84,Josh Richardson,MIA,81,33.2,4.9,10.9,.451,1.6,4.1,.378,1.5,1.8,.845,1.7,2.5,0.9,2.7,3.5,2.9,1.5,0.9,12.9
85,Al Horford,BOS,72,31.6,5.1,10.5,.489,1.3,3.1,.429,1.3,1.7,.783,1.8,1.9,1.4,5.9,7.4,4.7,0.6,1.1,12.9
86,Kent Bazemore,ATL,65,27.5,4.4,10.4,.420,1.7,4.2,.394,2.5,3.1,.796,2.4,2.3,0.4,3.4,3.8,3.5,1.5,0.7,12.9
87,Willie Cauley-Stein,SAC,73,28.0,5.3,10.6,.502,0.0,0.2,.250,2.1,3.4,.619,1.5,2.5,1.8,5.2,7.0,2.4,1.1,0.9,12.8
88,Myles Turner,IND,65,28.3,4.7,9.8,.479,0.9,2.4,.357,2.5,3.2,.777,1.5,2.9,1.4,5.0,6.4,1.3,0.6,1.8,12.7
89,Wesley Matthews,DAL,63,33.8,4.5,11.1,.406,2.4,6.4,.381,1.3,1.6,.822,1.3,2.2,0.4,2.7,3.1,2.7,1.2,0.3,12.7
90,Jonas Valanciunas,TOR,77,22.4,5.1,8.9,.568,0.4,1.0,.405,2.2,2.7,.806,1.5,2.5,2.4,6.2,8.6,1.1,0.4,0.9,12.7
91,Elfrid Payton,PHX,63,28.7,5.2,10.6,.493,0.5,1.5,.326,1.7,2.7,.649,2.7,2.3,1.0,3.3,4.3,6.2,1.3,0.3,12.7
92,Serge Ibaka,TOR,76,27.5,5.0,10.3,.483,1.4,3.9,.360,1.2,1.6,.797,1.2,2.8,1.0,5.3,6.3,0.8,0.4,1.3,12.6
93,Robert Covington,PHI,80,31.6,4.3,10.4,.413,2.5,6.9,.369,1.4,1.7,.853,1.6,3.0,0.7,4.7,5.4,1.9,1.7,0.9,12.6
94,Spencer Dinwiddie,BRK,80,28.8,4.0,10.5,.387,1.8,5.4,.326,2.7,3.4,.813,1.6,2.3,0.5,2.7,3.2,6.5,0.8,0.3,12.6
95,E'Twaun Moore,NOP,82,31.5,5.2,10.1,.508,1.6,3.7,.425,0.6,0.8,.706,1.2,2.2,0.7,2.2,2.9,2.3,1.0,0.1,12.5
96,Darren Collison,IND,69,29.3,4.6,9.2,.495,1.4,3.0,.468,1.8,2.1,.882,1.2,1.8,0.5,2.0,2.6,5.3,1.3,0.2,12.4
97,Derrick Favors,UTA,77,28.0,5.1,9.1,.563,0.2,0.8,.222,1.8,2.8,.651,1.1,2.1,2.6,4.6,7.2,1.3,0.7,1.1,12.3
98,Taj Gibson,MIN,82,33.3,5.2,9.0,.577,0.1,0.4,.200,1.7,2.3,.768,1.1,2.7,2.4,4.8,7.1,1.2,0.8,0.7,12.2
99,Justin Holiday,CHI,72,31.5,4.0,10.9,.371,2.2,6.2,.359,1.9,2.3,.823,1.3,1.9,0.4,3.6,4.0,2.1,1.1,0.4,12.2
100,Marco Belinelli,PHI,80,24.3,4.2,9.6,.441,1.9,4.9,.377,1.9,2.0,.908,1.2,1.1,0.2,1.6,1.9,1.9,0.8,0.1,12.1
101,Gerald Green,HOU,41,22.7,4.1,10.1,.407,2.7,7.3,.369,1.2,1.5,.850,0.8,2.1,0.3,2.9,3.2,0.6,0.6,0.4,12.1
102,Caris LeVert,BRK,71,26.2,4.5,10.4,.435,1.2,3.5,.347,1.9,2.6,.711,2.2,2.2,0.7,2.9,3.7,4.2,1.2,0.3,12.1
103,DeAndre Jordan,LAC,77,31.5,4.8,7.5,.645,0.0,0.0,.000,2.4,4.1,.580,1.8,2.6,4.3,10.9,15.2,1.5,0.5,0.9,12.0
104,Dirk Nowitzki,DAL,77,24.7,4.5,9.8,.456,1.8,4.4,.409,1.3,1.4,.898,0.7,1.9,0.3,5.4,5.7,1.6,0.6,0.6,12.0
105,Courtney Lee,NYK,76,30.4,4.5,9.9,.454,1.5,3.7,.406,1.5,1.6,.919,1.1,1.4,0.4,2.6,2.9,2.4,1.1,0.2,12.0
106,Robin Lopez,CHI,64,26.4,5.3,10.1,.530,0.1,0.2,.286,1.1,1.4,.756,1.7,1.7,2.1,2.4,4.5,1.9,0.2,0.8,11.8
107,Thaddeus Young,IND,81,32.2,5.2,10.7,.487,0.7,2.2,.320,0.7,1.1,.598,1.3,2.2,2.3,4.0,6.3,1.9,1.7,0.4,11.8
108,"Kelly Oubre, Jr.",WAS,81,27.5,3.9,9.8,.403,1.6,4.6,.341,2.4,2.9,.820,1.1,2.9,0.7,3.8,4.5,1.2,1.0,0.4,11.8
109,Bogdan Bogdanovic,SAC,78,27.9,4.4,9.9,.446,1.7,4.2,.392,1.3,1.5,.840,1.6,2.2,0.4,2.5,2.9,3.3,0.9,0.2,11.8
110,Tyler Johnson,MIA,72,28.5,4.3,9.9,.435,1.7,4.5,.367,1.5,1.8,.822,1.1,2.1,0.5,3.0,3.4,2.3,0.8,0.5,11.7
111,Trevor Ariza,HOU,67,33.9,4.0,9.7,.412,2.5,6.9,.368,1.1,1.3,.854,0.8,2.0,0.5,3.9,4.4,1.6,1.5,0.2,11.7
112,Domas Sabonis,IND,74,24.5,4.6,8.9,.514,0.2,0.5,.351,2.3,3.0,.750,1.9,3.0,2.2,5.5,7.7,2.0,0.5,0.4,11.6
113,J.J. Barea,DAL,69,23.2,4.4,10.0,.439,1.7,4.5,.367,1.2,1.5,.784,2.1,1.2,0.2,2.7,2.9,6.3,0.5,0.0,11.6
114,Nicolas Batum,CHA,64,31.0,4.2,10.2,.415,1.4,4.3,.336,1.7,2.0,.831,2.0,1.1,0.9,3.9,4.8,5.5,1.0,0.4,11.6
115,De'Aaron Fox,SAC,73,27.7,4.5,10.9,.412,0.6,2.1,.307,1.9,2.7,.723,2.4,2.2,0.5,2.3,2.8,4.4,1.0,0.3,11.6
116,Markieff Morris,WAS,73,27.0,4.5,9.4,.480,1.0,2.8,.367,1.4,1.8,.820,1.7,3.0,1.0,4.6,5.6,1.9,0.8,0.5,11.5
117,Rudy Gay,SAS,57,21.6,4.4,9.4,.471,0.6,2.1,.314,2.0,2.5,.772,1.4,1.7,1.3,3.8,5.1,1.3,0.8,0.7,11.5
118,Kelly Olynyk,MIA,76,23.4,4.2,8.4,.497,1.4,3.7,.379,1.8,2.3,.770,1.9,2.9,1.2,4.5,5.7,2.7,0.8,0.5,11.5
119,Joe Ingles,UTA,82,31.4,4.1,8.8,.467,2.5,5.7,.440,0.8,1.0,.795,1.9,2.2,0.3,3.9,4.2,4.8,1.1,0.2,11.5
120,Dwyane Wade,MIA,67,22.9,4.5,10.2,.438,0.5,1.7,.288,2.0,2.8,.714,2.1,1.9,0.7,3.0,3.8,3.4,0.9,0.7,11.4
121,Reggie Bullock,DET,62,27.9,4.3,8.8,.489,2.0,4.5,.445,0.6,0.8,.796,0.8,1.1,0.4,2.0,2.5,1.5,0.8,0.2,11.3
122,Terry Rozier,BOS,80,25.9,4.0,10.0,.395,1.9,5.0,.381,1.4,1.9,.772,1.0,1.5,0.8,3.9,4.7,2.9,1.0,0.2,11.2
123,Wayne Ellington,MIA,77,26.5,3.7,9.1,.407,2.9,7.5,.392,0.9,1.0,.859,0.7,1.2,0.3,2.5,2.8,1.0,0.7,0.1,11.2
124,Frank Kaminsky,CHA,79,23.2,3.9,9.1,.429,1.3,3.5,.380,2.0,2.5,.799,0.8,1.2,0.6,3.1,3.6,1.6,0.5,0.2,11.1
125,Draymond Green,GSW,70,32.7,4.0,8.8,.454,1.1,3.7,.301,1.9,2.5,.775,2.9,2.6,1.1,6.6,7.6,7.3,1.4,1.3,11.0
126,Montrezl Harrell,LAC,76,17.0,4.6,7.2,.635,0.0,0.1,.143,1.8,2.9,.626,0.9,1.9,1.4,2.7,4.0,1.0,0.5,0.7,11.0
127,Dillon Brooks,MEM,82,28.7,4.1,9.4,.440,1.1,3.2,.356,1.5,2.0,.747,1.5,2.8,0.6,2.5,3.1,1.6,0.9,0.2,11.0
128,Ish Smith,DET,82,24.9,4.7,9.8,.486,0.4,1.2,.347,1.0,1.4,.698,1.3,1.7,0.3,2.4,2.7,4.4,0.8,0.2,10.9
129,Ersan Ilyasova,PHI,69,25.1,4.0,8.9,.452,1.3,3.7,.360,1.5,2.0,.778,1.0,2.3,1.7,4.2,5.9,1.3,0.9,0.4,10.9
130,Joe Harris,BRK,78,25.3,3.9,8.0,.491,1.9,4.6,.419,1.1,1.3,.827,1.2,2.0,0.7,2.7,3.3,1.6,0.4,0.3,10.8
131,Jeff Green,CLE,78,23.4,3.8,7.9,.477,0.7,2.2,.312,2.6,3.0,.868,1.0,1.9,0.8,2.4,3.2,1.3,0.5,0.4,10.8
132,James Johnson,MIA,73,26.6,4.2,8.4,.503,0.8,2.5,.308,1.5,2.2,.698,1.9,2.6,0.8,4.1,4.9,3.8,1.0,0.7,10.8
133,John Collins,ATL,74,24.1,4.2,7.4,.576,0.2,0.6,.340,1.8,2.5,.715,1.4,2.9,2.4,4.9,7.3,1.3,0.6,1.1,10.5
134,Jamal Crawford,MIN,80,20.7,3.9,9.3,.415,1.3,3.9,.331,1.3,1.4,.903,1.2,1.1,0.3,1.0,1.2,2.3,0.5,0.1,10.3
135,Greg Monroe,BOS,51,20.4,4.3,7.6,.565,0.0,0.0,.000,1.7,2.3,.739,1.8,1.9,2.1,4.7,6.9,2.2,0.9,0.5,10.3
136,Yogi Ferrell,DAL,82,27.8,3.8,8.9,.426,1.6,4.4,.373,1.0,1.3,.796,1.0,1.9,0.3,2.7,3.0,2.5,0.8,0.1,10.2
137,D.J. Augustin,ORL,75,23.5,3.3,7.2,.452,1.5,3.6,.419,2.2,2.5,.868,1.6,1.3,0.4,1.7,2.1,3.8,0.7,0.0,10.2
138,Marcus Smart,BOS,54,29.9,3.5,9.5,.367,1.4,4.6,.301,1.8,2.5,.729,2.4,2.5,0.8,2.7,3.5,4.8,1.3,0.4,10.2
139,Denzel Valentine,CHI,77,27.2,3.9,9.4,.417,1.9,4.8,.386,0.5,0.7,.745,1.3,2.4,0.6,4.5,5.1,3.2,0.8,0.1,10.2
140,Pau Gasol,SAS,77,23.5,3.7,8.1,.458,0.6,1.6,.358,2.1,2.7,.756,1.4,1.6,1.7,6.4,8.0,3.1,0.3,1.0,10.1
141,Patty Mills,SAS,82,25.7,3.4,8.3,.411,1.9,5.0,.372,1.3,1.4,.890,1.3,1.6,0.3,1.6,1.9,2.8,0.7,0.1,10.0
142,C.J. Miles,TOR,70,19.1,3.2,8.6,.379,2.3,6.5,.361,1.2,1.4,.835,0.6,1.9,0.3,1.9,2.2,0.8,0.5,0.3,10.0
143,Wilson Chandler,DEN,74,31.7,3.8,8.5,.445,1.2,3.3,.358,1.2,1.5,.772,1.2,2.1,1.4,4.0,5.4,2.2,0.6,0.5,10.0
144,George Hill,CLE,67,27.0,3.5,7.7,.460,1.3,3.1,.415,1.6,2.1,.786,1.3,1.9,0.6,2.1,2.7,2.8,0.9,0.4,10.0
145,Dewayne Dedmon,ATL,62,24.9,4.0,7.7,.524,0.8,2.3,.355,1.1,1.4,.779,1.4,2.6,1.6,6.3,7.9,1.5,0.6,0.8,10.0
146,Trey Lyles,DEN,73,19.0,3.7,7.5,.491,1.1,3.0,.381,1.4,2.0,.706,0.8,1.5,0.8,4.0,4.8,1.2,0.4,0.5,9.9
147,Jae Crowder,UTA,80,26.1,3.4,8.4,.404,1.4,4.3,.323,1.5,1.9,.818,0.9,2.3,0.7,2.7,3.4,1.2,0.8,0.3,9.7
148,Mario Hezonja,ORL,75,22.1,3.6,8.2,.442,1.2,3.6,.337,1.1,1.4,.819,1.1,1.8,0.5,3.2,3.7,1.4,1.1,0.4,9.6
149,Marvin Williams,CHA,78,25.7,3.3,7.2,.458,1.6,3.9,.413,1.3,1.6,.829,0.8,1.5,0.9,3.8,4.7,1.2,0.7,0.5,9.5
150,Ryan Anderson,HOU,66,26.1,3.1,7.3,.431,2.0,5.1,.386,1.1,1.4,.774,0.6,1.9,1.4,3.6,5.0,0.9,0.4,0.3,9.3
151,Al-Farouq Aminu,POR,69,30.0,3.3,8.4,.395,1.8,4.9,.369,0.9,1.2,.738,1.1,2.0,1.4,6.2,7.6,1.2,1.1,0.6,9.3
152,Lance Stephenson,IND,82,22.6,3.7,8.6,.427,0.8,2.8,.289,1.0,1.5,.661,1.6,2.2,0.8,4.4,5.2,2.9,0.6,0.2,9.2
153,Kyle Korver,CLE,73,21.6,3.0,6.6,.459,2.2,5.2,.436,0.9,1.0,.889,0.8,1.8,0.1,2.1,2.3,1.2,0.4,0.4,9.2
154,Michael Kidd-Gilchrist,CHA,74,25.0,3.8,7.6,.504,0.0,0.0,.000,1.6,2.3,.684,0.7,1.9,1.1,2.9,4.1,1.0,0.7,0.4,9.2
155,Anthony Tolliver,DET,79,22.2,2.8,6.0,.464,2.0,4.6,.436,1.3,1.7,.797,0.7,1.8,0.6,2.4,3.1,1.1,0.4,0.3,8.9
156,Troy Daniels,PHX,79,20.5,2.9,7.3,.403,2.3,5.8,.400,0.7,0.8,.875,0.7,1.7,0.2,1.5,1.6,0.6,0.3,0.1,8.9
157,Manu Ginobili,SAS,65,20.0,3.1,7.1,.434,1.0,3.0,.333,1.7,2.0,.840,1.6,1.9,0.3,1.9,2.2,2.5,0.7,0.2,8.9
158,Mike Scott,WAS,76,18.5,3.6,6.9,.527,0.9,2.1,.405,0.7,1.0,.658,1.0,1.9,0.7,2.6,3.2,1.1,0.3,0.1,8.8
159,John Henson,MIL,76,25.9,3.8,6.6,.572,0.0,0.1,.143,1.2,2.1,.570,1.1,2.7,2.0,4.8,6.8,1.5,0.6,1.4,8.8
160,Skal Labissiere,SAC,60,20.7,3.4,7.6,.448,0.3,0.8,.353,1.6,2.0,.805,1.2,2.2,1.6,3.1,4.8,1.2,0.4,0.8,8.7
161,Shabazz Napier,POR,74,20.7,3.0,7.2,.420,1.1,2.9,.376,1.6,1.9,.841,1.2,1.1,0.4,1.9,2.3,2.0,1.1,0.2,8.7
162,"Larry Nance, Jr.",CLE,66,21.5,3.6,6.3,.581,0.0,0.2,.167,1.4,2.1,.664,0.8,2.6,2.4,4.4,6.8,1.2,1.3,0.6,8.7
163,Stanley Johnson,DET,69,27.4,3.0,8.1,.375,1.0,3.4,.286,1.6,2.1,.772,1.1,2.4,0.5,3.2,3.7,1.6,1.4,0.2,8.7
164,Emmanuel Mudiay,NYK,64,19.4,3.2,8.2,.388,0.7,2.3,.318,1.5,2.0,.760,1.8,1.2,0.4,2.0,2.4,3.2,0.6,0.2,8.6
165,Fred VanVleet,TOR,76,20.0,3.1,7.2,.426,1.4,3.4,.414,1.1,1.3,.832,1.0,1.7,0.3,2.1,2.4,3.2,0.9,0.2,8.6
166,Danny Green,SAS,70,25.6,3.1,8.0,.387,1.7,4.6,.362,0.7,0.9,.769,1.1,1.7,0.6,3.0,3.6,1.6,0.9,1.1,8.6
167,Alex Len,PHX,69,20.2,3.1,5.5,.566,0.0,0.0,.333,2.3,3.3,.684,1.1,2.3,2.5,5.0,7.5,1.2,0.4,0.9,8.5
168,Dwight Powell,DAL,79,21.2,3.2,5.4,.593,0.4,1.1,.333,1.7,2.3,.719,0.7,2.4,1.7,3.9,5.6,1.2,0.8,0.4,8.5
169,Jerami Grant,OKC,81,20.3,3.0,5.6,.535,0.4,1.4,.291,2.0,3.0,.675,0.7,1.9,1.1,2.9,3.9,0.7,0.4,1.0,8.4
170,Garrett Temple,SAC,65,24.8,3.1,7.3,.418,1.4,3.5,.392,0.9,1.2,.769,1.2,2.1,0.3,2.0,2.3,1.9,0.9,0.4,8.4
171,Marcin Gortat,WAS,82,25.3,3.5,6.8,.518,0.0,0.0,.000,1.3,2.0,.675,1.2,2.1,2.2,5.4,7.6,1.8,0.5,0.7,8.4
172,Devin Harris,DEN,71,18.9,2.6,6.4,.412,1.1,3.2,.348,2.0,2.4,.835,1.1,2.2,0.2,1.6,1.8,2.1,0.7,0.2,8.4
173,Jerian Grant,CHI,74,22.8,2.8,6.8,.416,0.8,2.5,.326,1.9,2.5,.745,1.2,1.8,0.4,1.9,2.3,4.6,0.9,0.1,8.4
174,J.R. Smith,CLE,80,28.1,3.0,7.4,.403,1.8,4.8,.375,0.5,0.7,.696,1.0,2.0,0.4,2.6,2.9,1.8,0.8,0.1,8.3
175,Rajon Rondo,NOP,65,26.2,3.6,7.6,.468,0.8,2.3,.333,0.4,0.7,.543,2.3,1.8,0.5,3.6,4.0,8.2,1.1,0.2,8.3
176,Evan Turner,POR,79,25.7,3.3,7.3,.447,0.5,1.7,.318,1.2,1.4,.850,1.3,2.1,0.4,2.7,3.1,2.2,0.6,0.4,8.2
177,Jarrett Allen,BRK,72,20.0,3.2,5.5,.589,0.1,0.2,.333,1.6,2.0,.776,1.1,2.0,2.0,3.4,5.4,0.7,0.4,1.2,8.2
178,Dejounte Murray,SAS,81,21.5,3.3,7.5,.443,0.1,0.4,.265,1.3,1.8,.709,1.7,1.9,1.4,4.3,5.7,2.9,1.2,0.4,8.1
179,Delon Wright,TOR,69,20.8,2.9,6.3,.465,0.8,2.2,.366,1.4,1.7,.829,1.1,1.2,0.7,2.2,2.9,2.9,1.0,0.5,8.0
180,David Nwaba,CHI,70,23.5,2.9,6.0,.478,0.3,0.7,.346,1.9,2.9,.655,1.1,2.3,1.3,3.4,4.7,1.5,0.8,0.4,7.9
181,Cory Joseph,IND,82,26.9,3.1,7.4,.424,0.8,2.3,.353,0.9,1.1,.745,1.1,1.7,0.5,2.7,3.2,3.2,1.0,0.2,7.9
182,Kyle Anderson,SAS,74,26.7,3.1,5.9,.527,0.3,0.8,.333,1.4,2.0,.712,1.3,1.5,1.1,4.2,5.4,2.7,1.6,0.8,7.9
183,Josh Hart,LAL,63,23.2,2.8,6.0,.469,1.2,3.1,.396,1.0,1.5,.702,0.7,1.7,0.7,3.5,4.2,1.3,0.7,0.3,7.9
184,Tyler Ulis,PHX,71,23.4,3.0,7.8,.388,0.6,2.1,.288,1.2,1.4,.832,1.8,1.7,0.3,1.5,1.8,4.4,1.0,0.1,7.8
185,Justise Winslow,MIA,68,24.7,3.0,7.2,.424,0.7,1.9,.380,1.0,1.5,.635,1.1,2.1,0.9,4.5,5.4,2.2,0.8,0.5,7.8
186,Doug McDermott,DAL,81,21.8,2.9,6.3,.467,1.1,2.7,.426,0.8,1.0,.790,0.7,1.5,0.5,2.0,2.5,1.0,0.2,0.2,7.8
187,Darius Miller,NOP,82,23.7,2.6,5.9,.444,1.8,4.4,.411,0.7,0.8,.866,0.7,2.0,0.2,1.8,2.0,1.4,0.3,0.2,7.8
188,Jarell Martin,MEM,73,22.7,3.0,6.8,.446,0.5,1.3,.347,1.2,1.6,.767,1.2,2.9,1.3,3.0,4.4,1.0,0.5,0.7,7.7
189,Marquese Chriss,PHX,72,21.2,2.8,6.6,.423,0.8,2.6,.295,1.3,2.2,.608,1.5,2.8,1.1,4.4,5.5,1.2,0.7,1.0,7.7
190,Alec Burks,UTA,64,16.5,2.7,6.5,.411,0.7,2.2,.331,1.7,1.9,.863,0.9,1.2,0.3,2.7,3.0,1.0,0.6,0.1,7.7
191,Mario Chalmers,MEM,66,21.5,2.5,6.7,.379,0.8,2.9,.277,1.8,2.1,.855,1.8,2.7,0.2,2.2,2.4,3.0,1.2,0.2,7.7
192,Tony Parker,SAS,55,19.5,3.2,7.1,.459,0.2,0.7,.270,1.0,1.4,.705,1.2,0.9,0.1,1.6,1.7,3.5,0.5,0.0,7.7
193,Luke Kennard,DET,73,20.0,2.8,6.4,.443,1.1,2.7,.415,0.9,1.0,.855,0.9,1.2,0.3,2.1,2.4,1.7,0.6,0.2,7.6
194,Luc Mbah a Moute,HOU,61,25.6,2.7,5.7,.481,1.0,2.8,.364,1.1,1.6,.684,1.1,1.6,0.4,2.7,3.0,0.9,1.2,0.4,7.5
195,Jarrett Jack,NYK,62,25.0,3.0,7.1,.427,0.4,1.4,.291,1.0,1.2,.840,1.9,1.6,0.4,2.7,3.1,5.6,0.6,0.1,7.5
196,Ian Clark,NOP,74,19.7,3.0,6.7,.448,0.8,2.6,.318,0.6,0.8,.763,0.8,1.6,0.1,1.6,1.7,1.5,0.4,0.1,7.4
197,Pascal Siakam,TOR,81,20.7,3.1,6.1,.508,0.4,1.6,.220,0.7,1.1,.621,0.8,2.0,1.0,3.5,4.5,2.0,0.8,0.5,7.3
198,Nick Young,GSW,80,17.4,2.5,6.1,.412,1.5,4.1,.377,0.7,0.8,.862,0.5,1.2,0.2,1.3,1.6,0.5,0.5,0.1,7.3
199,Tomas Satoransky,WAS,73,22.5,2.8,5.3,.523,0.6,1.4,.465,1.0,1.3,.781,1.1,1.8,1.0,2.2,3.2,3.9,0.7,0.2,7.2
200,Kyle O'Quinn,NYK,77,18.0,2.9,5.0,.582,0.1,0.2,.235,1.3,1.6,.772,1.3,2.5,1.6,4.5,6.1,2.1,0.5,1.3,7.1
201,James Ennis,DET,72,22.3,2.5,5.3,.474,0.7,2.1,.333,1.3,1.6,.836,0.8,1.9,1.0,2.1,3.1,1.0,0.7,0.2,7.1
202,Mason Plumlee,DEN,74,19.5,3.0,5.0,.601,0.0,0.0,.000,1.1,2.4,.458,1.4,2.5,1.8,3.6,5.4,1.9,0.7,1.1,7.1
203,Bryn Forbes,SAS,80,19.0,2.6,6.2,.421,1.1,2.9,.390,0.6,0.9,.667,0.5,1.4,0.1,1.2,1.4,1.0,0.3,0.0,6.9
204,Jakob Poeltl,TOR,82,18.6,3.1,4.7,.659,0.0,0.0,.500,0.7,1.2,.594,1.0,2.6,2.0,2.8,4.8,0.7,0.5,1.2,6.9
205,Bam Adebayo,MIA,69,19.8,2.5,4.9,.512,0.0,0.1,.000,1.9,2.6,.721,1.0,2.0,1.7,3.8,5.5,1.5,0.5,0.6,6.9
206,Raymond Felton,OKC,82,16.6,2.7,6.7,.406,1.0,2.8,.352,0.4,0.5,.818,0.9,1.1,0.3,1.6,1.9,2.5,0.6,0.2,6.9
207,Tony Snell,MIL,75,27.4,2.5,5.7,.435,1.4,3.6,.403,0.5,0.6,.792,0.5,1.5,0.1,1.8,1.9,1.3,0.6,0.4,6.9
208,Shelvin Mack,ORL,69,19.8,2.6,6.0,.430,0.7,2.0,.345,1.0,1.4,.711,1.3,1.3,0.3,2.1,2.4,3.9,0.8,0.1,6.9
209,David West,GSW,73,13.7,3.0,5.2,.571,0.0,0.1,.375,0.8,1.1,.759,1.1,1.6,0.9,2.4,3.3,1.9,0.6,1.0,6.8
210,Nemanja Bjelica,MIN,67,20.5,2.6,5.5,.461,1.1,2.7,.415,0.5,0.7,.800,0.8,2.1,0.8,3.3,4.1,1.3,0.7,0.2,6.8
211,Joe Johnson,HOU,55,21.9,2.7,6.5,.406,0.7,2.6,.276,0.7,0.8,.889,0.9,1.2,0.3,2.9,3.1,1.5,0.3,0.1,6.8
212,Kosta Koufos,SAC,71,19.6,3.1,5.5,.571,0.0,0.0,.000,0.5,1.0,.446,0.7,2.1,2.1,4.5,6.6,1.2,0.7,0.5,6.7
213,Malik Monk,CHA,63,13.5,2.4,6.7,.360,1.3,3.9,.342,0.5,0.6,.842,0.8,1.0,0.1,0.9,1.0,1.4,0.3,0.1,6.7
214,Tyler Zeller,MIL,66,16.8,2.8,5.1,.560,0.2,0.4,.357,0.9,1.2,.722,0.7,1.9,1.7,3.0,4.6,0.7,0.2,0.5,6.7
215,Justin Jackson,SAC,68,22.2,2.7,6.2,.442,0.8,2.7,.308,0.4,0.5,.722,0.6,1.2,0.4,2.4,2.8,1.1,0.4,0.2,6.7
216,Isaiah Taylor,ATL,67,17.4,2.4,5.8,.418,0.3,1.2,.250,1.5,2.1,.702,1.3,1.7,0.3,1.1,1.4,3.1,0.5,0.1,6.6
217,Maybyner Nene,HOU,52,14.6,2.6,4.6,.569,0.0,0.0,.000,1.3,2.1,.636,0.7,2.4,1.1,2.3,3.4,0.9,0.5,0.3,6.5
218,Maurice Harkless,POR,59,21.4,2.5,5.0,.495,0.8,2.0,.415,0.7,1.0,.712,0.7,1.7,0.8,2.0,2.7,0.9,0.8,0.7,6.5
219,Dragan Bender,PHX,82,25.2,2.3,5.9,.386,1.4,3.9,.366,0.5,0.6,.765,1.4,2.0,0.5,3.9,4.4,1.6,0.3,0.6,6.5
220,Jodie Meeks,WAS,77,14.5,2.0,5.1,.399,0.9,2.7,.343,1.3,1.5,.863,0.5,0.7,0.2,1.4,1.6,0.9,0.4,0.1,6.3
221,Trevor Booker,IND,68,17.0,2.6,5.0,.516,0.1,0.5,.242,1.0,1.4,.710,0.9,1.8,1.7,3.0,4.7,1.2,0.4,0.3,6.3
222,T.J. McConnell,PHI,76,22.4,2.8,5.5,.499,0.4,0.8,.435,0.4,0.5,.795,1.5,1.6,0.5,2.5,3.0,4.0,1.2,0.2,6.3
223,Langston Galloway,DET,58,14.9,2.2,5.9,.371,1.3,3.8,.344,0.6,0.7,.805,0.3,0.7,0.2,1.4,1.6,1.0,0.6,0.1,6.2
224,P.J. Tucker,HOU,82,27.8,2.1,5.4,.390,1.4,3.8,.371,0.5,0.7,.717,0.9,2.5,1.1,4.4,5.6,0.9,1.0,0.3,6.1
225,Andre Iguodala,GSW,64,25.4,2.3,5.0,.463,0.5,1.8,.282,0.9,1.4,.632,1.0,1.5,0.8,3.1,3.8,3.3,0.8,0.6,6.0
226,Aron Baynes,BOS,81,18.3,2.6,5.5,.471,0.0,0.3,.143,0.7,1.0,.756,1.0,2.5,1.6,3.8,5.4,1.1,0.3,0.6,6.0
227,Gorgui Dieng,MIN,79,16.9,2.4,4.9,.479,0.2,0.8,.311,1.0,1.3,.775,0.7,1.9,1.3,3.2,4.6,0.9,0.6,0.5,5.9
228,Frank Ntilikina,NYK,78,21.9,2.3,6.4,.364,0.6,2.0,.318,0.6,0.9,.721,1.7,2.3,0.5,1.8,2.3,3.2,0.8,0.2,5.9
229,Davis Bertans,SAS,77,14.1,2.1,4.8,.440,1.2,3.3,.373,0.5,0.6,.816,0.5,1.2,0.2,1.8,2.0,1.0,0.3,0.4,5.9
230,Ogugua Anunoby,TOR,74,20.0,2.2,4.7,.471,1.0,2.7,.371,0.5,0.8,.629,0.6,1.8,0.6,1.9,2.5,0.7,0.7,0.2,5.9
231,Quincy Acy,BRK,70,19.4,1.9,5.2,.356,1.5,4.2,.349,0.7,0.9,.817,0.9,2.1,0.6,3.1,3.7,0.8,0.5,0.4,5.9
232,Deyonta Davis,MEM,62,15.2,2.6,4.3,.608,0.0,0.0,.000,0.6,0.9,.667,0.5,2.0,1.2,2.8,4.0,0.6,0.2,0.6,5.8
233,Jonas Jerebko,UTA,74,15.3,2.1,4.6,.466,0.9,2.1,.414,0.6,0.8,.807,0.4,1.7,0.7,2.6,3.3,0.6,0.3,0.2,5.8
234,Tristan Thompson,CLE,53,20.2,2.5,4.4,.562,0.0,0.0,.000,0.8,1.5,.544,0.7,1.9,2.4,4.3,6.6,0.6,0.3,0.3,5.8
235,Dante Cunningham,BRK,73,21.4,2.2,5.0,.451,0.8,2.3,.345,0.4,0.7,.596,0.5,1.5,1.1,3.0,4.1,0.7,0.5,0.4,5.7
236,Bismack Biyombo,ORL,82,18.2,2.2,4.3,.520,0.0,0.0,.000,1.2,1.9,.650,1.0,1.9,1.8,4.0,5.7,0.8,0.3,1.2,5.7
237,Shaun Livingston,GSW,71,15.9,2.4,4.8,.501,0.0,0.1,.000,0.7,0.9,.820,0.8,1.6,0.5,1.4,1.8,2.0,0.5,0.3,5.5
238,Norman Powell,TOR,70,15.2,2.1,5.3,.401,0.8,2.7,.285,0.5,0.6,.821,0.9,1.6,0.2,1.5,1.7,1.3,0.5,0.2,5.5
239,Wesley Johnson,LAC,74,20.1,2.0,5.0,.408,0.8,2.4,.339,0.6,0.8,.741,0.7,2.0,0.4,2.5,2.9,0.8,1.0,0.8,5.4
240,Zaza Pachulia,GSW,69,14.1,2.2,3.8,.564,0.0,0.0,.000,1.1,1.3,.806,1.0,1.8,1.3,3.4,4.7,1.6,0.6,0.2,5.4
241,Vince Carter,SAC,58,17.7,2.0,4.9,.403,1.0,2.8,.345,0.5,0.6,.757,0.6,1.7,0.3,2.2,2.6,1.2,0.7,0.4,5.4
242,Pat Connaughton,POR,82,18.1,2.0,4.8,.423,0.9,2.6,.352,0.5,0.5,.841,0.5,1.5,0.4,1.5,2.0,1.1,0.3,0.3,5.4
243,Maxi Kleber,DAL,72,16.8,2.1,4.3,.489,0.6,1.8,.312,0.6,0.8,.746,0.4,1.6,1.0,2.3,3.2,0.7,0.4,0.7,5.4
244,Ed Davis,POR,78,18.9,2.2,3.7,.582,0.0,0.0,.000,0.9,1.4,.667,0.8,2.4,2.3,5.0,7.4,0.5,0.4,0.7,5.3
245,Corey Brewer,OKC,72,16.8,2.0,4.4,.449,0.4,1.5,.282,0.9,1.2,.722,0.7,1.9,0.6,1.5,2.1,0.9,1.1,0.2,5.3
246,Daniel Theis,BOS,63,14.9,2.0,3.7,.541,0.3,0.9,.310,1.0,1.3,.753,0.9,2.5,1.4,2.9,4.3,0.9,0.5,0.8,5.3
247,Tyus Jones,MIN,82,17.9,1.8,4.0,.457,0.5,1.6,.349,0.9,1.0,.877,0.7,1.3,0.2,1.4,1.6,2.8,1.2,0.1,5.1
248,Royce O'Neale,UTA,69,16.7,1.7,4.1,.423,0.6,1.7,.356,0.9,1.1,.803,0.8,1.5,0.4,3.1,3.4,1.4,0.5,0.2,5.0
249,Cheick Diallo,NOP,52,11.2,2.0,3.4,.580,0.0,0.0,.000,1.0,1.3,.758,0.5,1.6,0.9,3.2,4.1,0.4,0.2,0.4,4.9
250,Thon Maker,MIL,74,16.7,1.8,4.3,.411,0.4,1.4,.298,0.9,1.3,.699,0.6,2.2,1.0,2.0,3.0,0.6,0.5,0.7,4.8
251,JaVale McGee,GSW,65,9.5,2.1,3.4,.621,0.0,0.1,.000,0.6,0.8,.731,0.4,1.4,0.9,1.7,2.6,0.5,0.3,0.9,4.8
252,Ian Mahinmi,WAS,77,14.9,1.8,3.2,.556,0.0,0.0,.000,1.2,1.7,.703,1.3,3.0,1.8,2.3,4.1,0.7,0.5,0.5,4.8
253,Alex Abrines,OKC,75,15.1,1.5,3.9,.395,1.1,2.9,.380,0.5,0.6,.848,0.3,1.7,0.3,1.2,1.5,0.4,0.5,0.1,4.7
254,Amir Johnson,PHI,74,15.8,1.9,3.5,.538,0.1,0.4,.312,0.7,1.1,.612,0.7,2.6,1.7,2.8,4.5,1.6,0.6,0.6,4.6
255,Jordan Bell,GSW,57,14.2,2.0,3.2,.627,0.0,0.1,.000,0.5,0.8,.682,0.9,1.6,1.1,2.6,3.6,1.8,0.6,1.0,4.6
256,Jose Calderon,CLE,57,16.0,1.6,3.2,.503,0.8,1.7,.464,0.4,0.5,.800,0.7,1.4,0.2,1.2,1.5,2.1,0.5,0.0,4.5
257,Zach Collins,POR,66,15.8,1.7,4.4,.398,0.5,1.7,.310,0.4,0.6,.643,0.9,2.0,0.7,2.7,3.3,0.8,0.3,0.5,4.4
258,Treveon Graham,CHA,63,16.7,1.5,3.5,.434,0.6,1.5,.412,0.7,0.9,.695,0.4,1.7,0.7,1.3,1.9,0.9,0.5,0.0,4.3
259,Shane Larkin,BOS,54,14.3,1.6,4.1,.384,0.6,1.6,.360,0.6,0.7,.865,0.6,1.1,0.3,1.4,1.7,1.8,0.5,0.0,4.3
260,Sam Dekker,LAC,73,12.1,1.8,3.5,.494,0.1,0.8,.167,0.5,0.8,.661,0.5,1.0,0.6,1.8,2.4,0.5,0.3,0.1,4.2
261,Lance Thomas,NYK,73,18.5,1.4,3.7,.382,0.7,1.7,.403,0.6,0.7,.830,0.6,1.8,0.6,1.8,2.4,0.6,0.4,0.2,4.1
262,Kevon Looney,GSW,66,13.8,1.7,2.9,.580,0.0,0.1,.200,0.6,1.2,.545,0.5,1.6,1.3,2.0,3.3,0.6,0.5,0.8,4.0
263,Patrick McCaw,GSW,57,16.9,1.6,3.9,.409,0.3,1.4,.237,0.5,0.6,.765,0.7,1.2,0.3,1.2,1.4,1.4,0.8,0.2,4.0
264,Cedi Osman,CLE,61,11.0,1.5,3.0,.484,0.5,1.4,.368,0.4,0.8,.565,0.5,1.3,0.3,1.7,2.0,0.7,0.4,0.0,3.9
265,Patrick Patterson,OKC,82,15.5,1.3,3.2,.398,0.8,2.1,.386,0.5,0.6,.870,0.4,1.1,0.4,2.0,2.4,0.7,0.6,0.3,3.9
266,Sindarius Thornwell,LAC,73,15.8,1.4,3.2,.429,0.3,0.8,.377,0.8,1.2,.670,0.7,1.7,0.5,1.5,1.9,0.9,0.7,0.3,3.9
267,Wesley Iwundu,ORL,62,16.5,1.5,3.5,.427,0.1,0.7,.196,0.5,0.8,.723,0.5,1.3,0.6,1.6,2.2,0.9,0.5,0.2,3.7
268,Tarik Black,HOU,51,10.5,1.5,2.5,.591,0.0,0.2,.091,0.6,1.2,.460,0.7,2.1,1.2,2.0,3.2,0.3,0.4,0.6,3.5
269,Salah Mejri,DAL,61,11.9,1.4,2.2,.642,0.0,0.0,.000,0.6,1.1,.576,0.6,2.0,1.4,2.6,4.0,0.6,0.4,1.1,3.5
270,Malik Beasley,DEN,62,9.4,1.2,2.9,.410,0.5,1.3,.341,0.4,0.5,.667,0.4,0.6,0.2,0.9,1.1,0.5,0.2,0.1,3.2
271,Terrance Ferguson,OKC,61,12.5,1.1,2.8,.414,0.7,2.0,.333,0.1,0.2,.900,0.2,1.4,0.3,0.5,0.8,0.3,0.4,0.2,3.1
272,Abdel Nader,BOS,48,10.9,1.0,3.1,.336,0.5,1.4,.354,0.5,0.8,.590,0.7,0.9,0.3,1.2,1.5,0.5,0.3,0.2,3.0
273,Tim Frazier,WAS,59,14.2,1.2,2.9,.395,0.3,0.9,.304,0.4,0.5,.767,1.0,1.6,0.3,1.6,1.9,3.3,0.8,0.1,3.0
274,Semi Ojeleye,BOS,73,15.8,0.9,2.6,.346,0.5,1.7,.320,0.3,0.6,.610,0.3,1.2,0.5,1.7,2.2,0.3,0.3,0.1,2.7
275,Ekpe Udoh,UTA,63,12.8,1.0,1.9,.500,0.0,0.0,.000,0.7,0.9,.750,0.3,1.7,1.1,1.3,2.4,0.8,0.7,1.2,2.6
276,Josh Huestis,OKC,69,14.2,0.9,2.6,.330,0.5,1.7,.287,0.1,0.3,.300,0.4,1.2,0.6,1.7,2.3,0.3,0.2,0.6,2.3
277,Brandon Paul,SAS,64,9.0,0.9,2.0,.433,0.2,0.8,.278,0.3,0.7,.512,0.5,0.9,0.1,1.0,1.1,0.6,0.4,0.1,2.3
278,Eric Moreland,DET,67,12.0,1.0,1.8,.541,0.0,0.0,.000,0.2,0.4,.379,0.6,1.7,1.2,2.9,4.1,1.2,0.5,0.8,2.1
279,DeAndre Liggins,NOP,58,12.5,0.7,1.8,.377,0.3,0.9,.358,0.0,0.1,.400,0.3,1.4,0.1,1.2,1.3,0.8,0.6,0.2,1.7
